id;name;surname;email;phone_number;address;password
67d2be59-c7d1-4369-84db-b05107c62d70;Lisa;Glenn;gestrada@example.net;+70087456109;497 Randolph Ford Anthonyland, TX 82448;b'$2b$12$Z30Ihzs9zhKCkYobTbwnkuRD4wqH0YkwBs7oKYcdY6DZGsndswWf.'
36fc0f1b-fad8-4dc6-9dfc-a335b711eb24;Allison;Perez;pwilson@example.org;+74188575839;21020 Elizabeth Loop Apt. 785 Mackenziefort, WY 23269;b'$2b$12$Z30Ihzs9zhKCkYobTbwnkuRD4wqH0YkwBs7oKYcdY6DZGsndswWf.'
39776bc2-c749-4c4a-a9eb-717a9e095ba4;Alicia;Escobar;mnolan@example.org;+74612473503;36973 Maxwell Land Sarabury, GA 20996;b'$2b$12$Z30Ihzs9zhKCkYobTbwnkuRD4wqH0YkwBs7oKYcdY6DZGsndswWf.'
99c76975-ad80-4b4b-9ac5-780fdfda01fb;Heather;Moody;harrisonanthony@example.org;+74195280766;935 Haley Village Suite 102 Port Jessica, PA 08322;b'$2b$12$Z30Ihzs9zhKCkYobTbwnkuRD4wqH0YkwBs7oKYcdY6DZGsndswWf.'
7c2b2636-bfa2-4515-a8b5-541e87e3bdbf;Ronald;Baker;anthonyhall@example.net;+76858341457;789 Colon Tunnel Suite 786 Parkside, FL 20134;b'$2b$12$Z30Ihzs9zhKCkYobTbwnkuRD4wqH0YkwBs7oKYcdY6DZGsndswWf.'
d02480df-cfba-40c7-9270-6600c6558fcb;Jeremy;Pena;dbrooks@example.org;+73015623927;313 Rachel Locks Apt. 086 New Markmouth, AL 83392;b'$2b$12$Z30Ihzs9zhKCkYobTbwnkuRD4wqH0YkwBs7oKYcdY6DZGsndswWf.'
98ab5d04-90b4-491a-ace0-d0be0b8aa052;Carrie;Perez;barbara80@example.org;+71829137769;0705 Payne Ville Port Billy, NC 04016;b'$2b$12$Z30Ihzs9zhKCkYobTbwnkuRD4wqH0YkwBs7oKYcdY6DZGsndswWf.'
8c9802bf-b8c0-41f6-b7e2-53e78e7b56c6;Brian;White;ryan66@example.org;+78486888625;842 Jacob Meadow Weaverview, NE 62892;b'$2b$12$Z30Ihzs9zhKCkYobTbwnkuRD4wqH0YkwBs7oKYcdY6DZGsndswWf.'
708eee20-7d61-4ebd-9577-f29e86bacf1e;Christopher;Vaughan;xsmith@example.org;+73205762835;307 Stephenson Lock North Ravenhaven, MI 48505;b'$2b$12$Z30Ihzs9zhKCkYobTbwnkuRD4wqH0YkwBs7oKYcdY6DZGsndswWf.'
38ddc126-abc9-4e5a-847e-b0198b0a1986;Benjamin;Johnston;marysparks@example.net;+72520099459;94569 Kelly Fields Apt. 353 Taraland, IL 02899;b'$2b$12$Z30Ihzs9zhKCkYobTbwnkuRD4wqH0YkwBs7oKYcdY6DZGsndswWf.'
440a8e98-83c1-488f-ac16-1f5f6e8dd25d;Nicole;Price;amandagraham@example.net;+79529741111;245 Shelton Shores East Jordan, WI 12477;b'$2b$12$Z30Ihzs9zhKCkYobTbwnkuRD4wqH0YkwBs7oKYcdY6DZGsndswWf.'
3926a4be-cdc7-4a1c-88fe-a5eae4e3b516;Stephanie;Watson;morrisonadrian@example.net;+71747078318;6263 Vaughn Islands Isabellaburgh, ID 41655;b'$2b$12$Z30Ihzs9zhKCkYobTbwnkuRD4wqH0YkwBs7oKYcdY6DZGsndswWf.'
ccb12444-b692-4a5b-b1d1-cc03df322f98;Miguel;Hill;maureen98@example.org;+79954093709;575 Shawn Flat Suite 618 North Samuel, ME 28789;b'$2b$12$Z30Ihzs9zhKCkYobTbwnkuRD4wqH0YkwBs7oKYcdY6DZGsndswWf.'
6ac21db2-8e5d-4681-92ef-572ad52d9523;Tara;Reynolds;wsnyder@example.org;+70925750479;7886 Moore Cliffs Suite 324 Alyssaside, MT 99785;b'$2b$12$Z30Ihzs9zhKCkYobTbwnkuRD4wqH0YkwBs7oKYcdY6DZGsndswWf.'
3db306f7-6ecd-4f56-92aa-3d0e452fa5c8;Alicia;Jones;adriennephillips@example.org;+77211111128;1090 Daniel Cliff Apt. 120 Tracyton, NC 02470;b'$2b$12$Z30Ihzs9zhKCkYobTbwnkuRD4wqH0YkwBs7oKYcdY6DZGsndswWf.'
953ecf84-1ba0-4e2c-9934-08f6a2a4a05f;Kristina;Mendez;laura67@example.org;+78741296090;1013 Ward Junctions Apt. 737 Greenland, AZ 42688;b'$2b$12$Z30Ihzs9zhKCkYobTbwnkuRD4wqH0YkwBs7oKYcdY6DZGsndswWf.'
f79ade07-65ba-492d-92c5-280b92e3f4c4;Dana;Mccall;daniel24@example.org;+76404870675;593 Amanda Vista Apt. 433 Michaelstad, WA 16227;b'$2b$12$Z30Ihzs9zhKCkYobTbwnkuRD4wqH0YkwBs7oKYcdY6DZGsndswWf.'
6ef81945-3185-4fb1-b15b-2203a8d071f8;Todd;Ramos;tiffany27@example.com;+78393823263;1989 Daniel Prairie Apt. 136 East Leslie, VA 68036;b'$2b$12$Z30Ihzs9zhKCkYobTbwnkuRD4wqH0YkwBs7oKYcdY6DZGsndswWf.'
decae0ed-9b5d-4bf0-8fa5-98f2003b4a71;Tyler;Evans;vsnow@example.com;+72774717208;6440 Rebecca Square South Matthewtown, NH 35763;b'$2b$12$Z30Ihzs9zhKCkYobTbwnkuRD4wqH0YkwBs7oKYcdY6DZGsndswWf.'
fbc7b4f0-3a26-4c92-9976-1a7ad85dcc37;Jeffrey;Campbell;scott88@example.org;+71790382627;31111 Chris Prairie Suite 588 South Stephenhaven, CO 67588;b'$2b$12$Z30Ihzs9zhKCkYobTbwnkuRD4wqH0YkwBs7oKYcdY6DZGsndswWf.'
cd24c38d-c9af-48c5-b49f-10a3b4a64268;Frances;Davis;sergio71@example.net;+77808659103;78744 Lozano Viaduct Suite 357 New Haileyside, GU 59217;b'$2b$12$Z30Ihzs9zhKCkYobTbwnkuRD4wqH0YkwBs7oKYcdY6DZGsndswWf.'
f49dcadd-68c3-4bc0-abbe-27890ea490fe;Sean;Boyd;hmaldonado@example.net;+75470176361;243 Green Ridge Lake Paulberg, NV 23999;b'$2b$12$Z30Ihzs9zhKCkYobTbwnkuRD4wqH0YkwBs7oKYcdY6DZGsndswWf.'
3d42095f-3cc6-405b-9104-9220c982842f;Laura;Snyder;wrightkyle@example.net;+74957058268;4143 Ariana Parkway Apt. 834 West Tracy, MO 02212;b'$2b$12$Z30Ihzs9zhKCkYobTbwnkuRD4wqH0YkwBs7oKYcdY6DZGsndswWf.'
197d3d6f-e191-4861-9c28-fa9589e42afb;Joanna;Williams;zmaynard@example.net;+74856941669;32028 Green Common Suite 381 Zacharychester, PA 50782;b'$2b$12$Z30Ihzs9zhKCkYobTbwnkuRD4wqH0YkwBs7oKYcdY6DZGsndswWf.'
3684d683-0b8f-4cf9-92ab-f9c1e37efa21;Ruben;Clark;karensmith@example.com;+73714282603;637 Thomas Prairie Suite 126 South Kaylaport, GA 86229;b'$2b$12$Z30Ihzs9zhKCkYobTbwnkuRD4wqH0YkwBs7oKYcdY6DZGsndswWf.'
f05489f3-8a7b-476b-9d67-a5b111295085;Whitney;Archer;angelacameron@example.com;+71267291975;18051 Valenzuela Stravenue Lake Julie, MT 17013;b'$2b$12$Z30Ihzs9zhKCkYobTbwnkuRD4wqH0YkwBs7oKYcdY6DZGsndswWf.'
63cc125d-f03a-40f3-94f2-2dfdbbc0427f;Peter;Henry;osanchez@example.net;+70600507307;USNV Gonzalez FPO AE 98584;b'$2b$12$Z30Ihzs9zhKCkYobTbwnkuRD4wqH0YkwBs7oKYcdY6DZGsndswWf.'
170b9a59-f49b-4b91-82f1-5dfeba4d6577;Gabriel;Wright;vnichols@example.net;+72156524261;USS Frye FPO AP 80811;b'$2b$12$Z30Ihzs9zhKCkYobTbwnkuRD4wqH0YkwBs7oKYcdY6DZGsndswWf.'
e85d481b-1e66-4b31-add2-21f9a3131ac5;Anne;Garrett;sandralong@example.org;+78226850499;569 Mendoza Branch Apt. 918 Port Davidhaven, PA 33288;b'$2b$12$Z30Ihzs9zhKCkYobTbwnkuRD4wqH0YkwBs7oKYcdY6DZGsndswWf.'
af9dee72-503e-467c-b3d8-bdf072732d89;Carolyn;Miller;ashleyoliver@example.com;+79794873743;48362 Christopher Row Ashleyport, NE 41313;b'$2b$12$Z30Ihzs9zhKCkYobTbwnkuRD4wqH0YkwBs7oKYcdY6DZGsndswWf.'
6a13a0f0-1b05-48c4-b6f5-b33061d16794;Tracy;Jordan;troy90@example.com;+71530226603;1238 Mason Skyway Dixonfurt, VI 83130;b'$2b$12$Z30Ihzs9zhKCkYobTbwnkuRD4wqH0YkwBs7oKYcdY6DZGsndswWf.'
c9d7b7c0-a8e8-4d5c-ad56-4ce8590a3a37;Michael;Price;jmurray@example.org;+74074902397;8308 Melendez Skyway New Heatherborough, MT 45219;b'$2b$12$Z30Ihzs9zhKCkYobTbwnkuRD4wqH0YkwBs7oKYcdY6DZGsndswWf.'
9d907836-ca91-4b6f-b367-9ff1fc00f64c;Joshua;Wells;waltersjoseph@example.org;+72311892209;25865 Gordon Row Apt. 503 Michelleburgh, NM 83740;b'$2b$12$Z30Ihzs9zhKCkYobTbwnkuRD4wqH0YkwBs7oKYcdY6DZGsndswWf.'
df6beade-3414-41d2-863f-3ad19bbd2043;Kimberly;Watson;garypage@example.net;+74117782859;782 Julia Village Melindabury, OR 30020;b'$2b$12$Z30Ihzs9zhKCkYobTbwnkuRD4wqH0YkwBs7oKYcdY6DZGsndswWf.'
93471b55-4a70-4736-9134-897e15d55d1d;Samantha;Hickman;cindy57@example.net;+79891084158;Unit 5997 Box 3665 DPO AP 33610;b'$2b$12$Z30Ihzs9zhKCkYobTbwnkuRD4wqH0YkwBs7oKYcdY6DZGsndswWf.'
1663ff92-77ae-4a5b-9d34-28b1814a3a3d;Alicia;Boyd;dbowman@example.org;+79423291509;2763 Richardson Rapids Apt. 226 South Kirkfort, DE 06891;b'$2b$12$Z30Ihzs9zhKCkYobTbwnkuRD4wqH0YkwBs7oKYcdY6DZGsndswWf.'
b3f124c6-1b10-4529-92ab-6b5f327e83ee;Anna;Weiss;xmcdonald@example.org;+70434079263;257 Williams Flat Suite 702 West Nicolestad, IN 79035;b'$2b$12$Z30Ihzs9zhKCkYobTbwnkuRD4wqH0YkwBs7oKYcdY6DZGsndswWf.'
d3ec92fd-dfae-44f4-94de-88ef6510b995;Barbara;Cannon;fosterwilliam@example.com;+73618650208;35739 Danielle Green Suite 786 Gutierrezbury, OR 76008;b'$2b$12$Z30Ihzs9zhKCkYobTbwnkuRD4wqH0YkwBs7oKYcdY6DZGsndswWf.'
9daa6e44-b040-443b-bd2e-27b8949d06be;Jill;Sanders;ericaperez@example.org;+79248091502;680 Douglas Trail East Annachester, GU 07315;b'$2b$12$Z30Ihzs9zhKCkYobTbwnkuRD4wqH0YkwBs7oKYcdY6DZGsndswWf.'
3da58e7a-c5cb-405f-88fd-1323fa35fe29;Robert;Fisher;lcross@example.net;+79028864726;86210 Jordan Rapids North Williamton, NV 21586;b'$2b$12$Z30Ihzs9zhKCkYobTbwnkuRD4wqH0YkwBs7oKYcdY6DZGsndswWf.'
59b1819a-a5ec-498d-958d-d06de4b39564;Mark;Hernandez;jillian66@example.org;+79874377561;4045 Crawford Corners Apt. 627 West Suzannehaven, ND 80858;b'$2b$12$Z30Ihzs9zhKCkYobTbwnkuRD4wqH0YkwBs7oKYcdY6DZGsndswWf.'
a24331f2-a061-4ca3-88b9-64bfc5d3d873;Debbie;Stark;strongamanda@example.org;+72115708055;498 Terry Wells Suite 741 West Cynthiaport, NJ 49024;b'$2b$12$Z30Ihzs9zhKCkYobTbwnkuRD4wqH0YkwBs7oKYcdY6DZGsndswWf.'
d4dc2510-0ca4-4828-9495-6818b8e56d7c;Nicholas;Porter;melindaparker@example.com;+76356515484;43884 Valentine Camp Jasminside, NC 50341;b'$2b$12$Z30Ihzs9zhKCkYobTbwnkuRD4wqH0YkwBs7oKYcdY6DZGsndswWf.'
70481dc3-148c-4d5d-8d00-42e092784582;Jessica;Golden;valeriegilmore@example.org;+77060546154;USS Weiss FPO AE 95704;b'$2b$12$Z30Ihzs9zhKCkYobTbwnkuRD4wqH0YkwBs7oKYcdY6DZGsndswWf.'
2257c34a-4dc5-4328-9b8e-9b2f86b22dbd;Jennifer;Kirby;rodneythomas@example.net;+71786239639;60980 Scott Corner Wagnerside, NV 85928;b'$2b$12$Z30Ihzs9zhKCkYobTbwnkuRD4wqH0YkwBs7oKYcdY6DZGsndswWf.'
e4828ce3-d619-4bf4-9fc7-f4a434543212;Matthew;Torres;norman68@example.net;+74569768043;0810 Sheila Glens Smithstad, VT 14222;b'$2b$12$Z30Ihzs9zhKCkYobTbwnkuRD4wqH0YkwBs7oKYcdY6DZGsndswWf.'
52a340e9-605a-46ba-9dd6-314c31f95a86;David;Harris;kennedylori@example.net;+72995185694;5865 Matthew Motorway Murphyview, PR 01066;b'$2b$12$Z30Ihzs9zhKCkYobTbwnkuRD4wqH0YkwBs7oKYcdY6DZGsndswWf.'
6e422e42-c44f-4f29-a8f6-d48ec7813896;Daniel;Williams;garciajames@example.net;+77257650542;234 David Estate Lindachester, CO 34765;b'$2b$12$Z30Ihzs9zhKCkYobTbwnkuRD4wqH0YkwBs7oKYcdY6DZGsndswWf.'
3c892242-80c1-49c2-a4f6-9d0cac1f1966;Ryan;Moore;davidhall@example.net;+76220125200;41265 Miranda Overpass Apt. 500 New Carlatown, NY 11308;b'$2b$12$Z30Ihzs9zhKCkYobTbwnkuRD4wqH0YkwBs7oKYcdY6DZGsndswWf.'
f48d45e1-b2eb-4440-9e0e-247bf4415746;Mark;Watkins;yzuniga@example.org;+74287280255;409 Hernandez Extensions Lawsonview, PW 87133;b'$2b$12$Z30Ihzs9zhKCkYobTbwnkuRD4wqH0YkwBs7oKYcdY6DZGsndswWf.'
19c5fadd-0abf-4496-af77-d71861d03040;Katherine;Mckenzie;woodernest@example.com;+70252635455;34044 Lewis Overpass East Cheryl, MN 42459;b'$2b$12$Z30Ihzs9zhKCkYobTbwnkuRD4wqH0YkwBs7oKYcdY6DZGsndswWf.'
0c8559f6-7cff-43aa-a0aa-85ac1371fae2;Katie;Burke;james63@example.net;+72624290767;30630 Stevenson Crescent Dixonville, PA 81324;b'$2b$12$Z30Ihzs9zhKCkYobTbwnkuRD4wqH0YkwBs7oKYcdY6DZGsndswWf.'
4a2887ae-1b0f-4214-88e1-5eac2d729c71;Antonio;Patel;timothydyer@example.com;+73210612297;0646 Shawn Manors Apt. 639 Ortegafurt, AR 98489;b'$2b$12$Z30Ihzs9zhKCkYobTbwnkuRD4wqH0YkwBs7oKYcdY6DZGsndswWf.'
c571827a-2a85-4603-84f5-0c78c7850b41;Douglas;Little;mkim@example.com;+74331101439;2079 Chaney Route Suite 968 Carlberg, ND 30045;b'$2b$12$Z30Ihzs9zhKCkYobTbwnkuRD4wqH0YkwBs7oKYcdY6DZGsndswWf.'
21f3bd93-85dd-4d2c-afe2-e7cc4df78ccb;Karen;Brown;nancy97@example.org;+79037517092;56292 Diana Divide Suite 694 Lake Charleneshire, OH 69939;b'$2b$12$Z30Ihzs9zhKCkYobTbwnkuRD4wqH0YkwBs7oKYcdY6DZGsndswWf.'
353c584c-2f02-4a74-8f0f-a884ca5e584c;John;Riley;joshuajohnson@example.net;+76846208575;42381 Pamela Route Toddmouth, MD 97047;b'$2b$12$Z30Ihzs9zhKCkYobTbwnkuRD4wqH0YkwBs7oKYcdY6DZGsndswWf.'
3834b8db-8649-49e4-ae52-3eabf1d33b8e;Melissa;Pitts;barbaraserrano@example.net;+73138175361;447 Ryan Curve North Nataliehaven, WY 32621;b'$2b$12$Z30Ihzs9zhKCkYobTbwnkuRD4wqH0YkwBs7oKYcdY6DZGsndswWf.'
97689f51-fbee-4daa-a271-df1227d4af56;Timothy;Hudson;adamguerrero@example.net;+77622076348;269 Boyer Bypass Morganborough, GU 06650;b'$2b$12$Z30Ihzs9zhKCkYobTbwnkuRD4wqH0YkwBs7oKYcdY6DZGsndswWf.'
d15f9ffb-aada-4e1c-87cb-7b0c88b5d7b0;Peter;Johnson;hendersonandrew@example.net;+79636476354;4343 Michelle Mountain Flemington, MI 57051;b'$2b$12$Z30Ihzs9zhKCkYobTbwnkuRD4wqH0YkwBs7oKYcdY6DZGsndswWf.'
6a52a9c2-31bc-4fad-ab62-69b2cb4e7c2a;Michael;Garcia;leadam@example.org;+75005801503;47185 Savage Club Apt. 264 Smithview, MS 34138;b'$2b$12$Z30Ihzs9zhKCkYobTbwnkuRD4wqH0YkwBs7oKYcdY6DZGsndswWf.'
371ad30c-0a02-4d8a-85cd-9ebcaace5545;Tiffany;Walsh;thomasjeffrey@example.com;+75626316614;57166 Nunez Neck Wilkersonstad, SD 86656;b'$2b$12$Z30Ihzs9zhKCkYobTbwnkuRD4wqH0YkwBs7oKYcdY6DZGsndswWf.'
0b546692-58c4-4ff1-ad25-8737978070c1;Douglas;Harvey;nathanjones@example.net;+70758491144;39801 Jones Locks Lake Kristen, NY 81915;b'$2b$12$Z30Ihzs9zhKCkYobTbwnkuRD4wqH0YkwBs7oKYcdY6DZGsndswWf.'
9d2ef950-ad10-4546-bc48-9b1b1cf6a89c;John;Thompson;yford@example.net;+74863703508;837 Sanchez Parks Apt. 324 Perryberg, GA 99628;b'$2b$12$Z30Ihzs9zhKCkYobTbwnkuRD4wqH0YkwBs7oKYcdY6DZGsndswWf.'
52e13591-0d52-449e-942a-ff3d659dbb9f;Debra;Harper;vfritz@example.net;+72749062785;6753 Walker Views Suite 580 Coltontown, KS 43778;b'$2b$12$Z30Ihzs9zhKCkYobTbwnkuRD4wqH0YkwBs7oKYcdY6DZGsndswWf.'
a4b88499-f20b-4f5d-a529-b6e6ed7613b3;Lisa;Padilla;robert39@example.com;+78592793261;12913 Edward Cove Beverlyborough, AL 94978;b'$2b$12$Z30Ihzs9zhKCkYobTbwnkuRD4wqH0YkwBs7oKYcdY6DZGsndswWf.'
870aec1f-40d0-43d1-bcb8-84910d23ca47;Helen;Valdez;blake16@example.net;+74077660249;1789 Pacheco Pine South Tonychester, CO 07038;b'$2b$12$Z30Ihzs9zhKCkYobTbwnkuRD4wqH0YkwBs7oKYcdY6DZGsndswWf.'
cd472a42-225b-43f2-aeb2-1229af25b237;Mark;Kidd;christinewood@example.com;+78579727026;93193 Travis Light Adrianmouth, HI 70574;b'$2b$12$Z30Ihzs9zhKCkYobTbwnkuRD4wqH0YkwBs7oKYcdY6DZGsndswWf.'
33be75d2-464c-470d-a0a4-8fbd5ad30a0f;Julie;Thompson;thomasjennifer@example.net;+72495665229;9298 John Springs Port Heather, LA 09866;b'$2b$12$Z30Ihzs9zhKCkYobTbwnkuRD4wqH0YkwBs7oKYcdY6DZGsndswWf.'
1e172350-d9b8-4ad0-9029-ab613c16a868;Emily;Miller;luisoconnor@example.com;+79918311067;9106 Lori Fall Francisview, NY 01993;b'$2b$12$Z30Ihzs9zhKCkYobTbwnkuRD4wqH0YkwBs7oKYcdY6DZGsndswWf.'
3e519355-0f7a-4966-8a40-18906723bac2;Amanda;Johnson;diana67@example.org;+79973684831;9981 David Turnpike Suite 314 Curryport, IL 75108;b'$2b$12$Z30Ihzs9zhKCkYobTbwnkuRD4wqH0YkwBs7oKYcdY6DZGsndswWf.'
aa511808-aec0-4292-acbc-94e69383e466;Timothy;Thomas;benjamintaylor@example.net;+73648412145;29447 Norton Parkway Lake Jeffreyton, CO 91116;b'$2b$12$Z30Ihzs9zhKCkYobTbwnkuRD4wqH0YkwBs7oKYcdY6DZGsndswWf.'
36668de2-1008-4dcc-883e-5ff4b7e6bcdf;Michael;Bartlett;deanna38@example.com;+78847674311;050 Osborne Isle Suite 886 East Monicafurt, MI 97678;b'$2b$12$Z30Ihzs9zhKCkYobTbwnkuRD4wqH0YkwBs7oKYcdY6DZGsndswWf.'
8f15bb0e-5630-4eaa-962e-d0dfa01a4935;Andrea;Hill;dlyons@example.net;+70242617590;32754 Tanya Ridges Lake Marymouth, WV 01348;b'$2b$12$Z30Ihzs9zhKCkYobTbwnkuRD4wqH0YkwBs7oKYcdY6DZGsndswWf.'
8a378fbb-69de-4fed-9b7b-c755325863b9;David;Oneal;kiaradavidson@example.com;+79892421205;414 Katherine Trafficway Brooksmouth, PR 35902;b'$2b$12$Z30Ihzs9zhKCkYobTbwnkuRD4wqH0YkwBs7oKYcdY6DZGsndswWf.'
6a17a78a-b0da-4c04-8c3e-b969415b409c;Madison;Torres;patrickhicks@example.com;+70625181257;7223 Jade Fall West Elizabethshire, FL 53068;b'$2b$12$Z30Ihzs9zhKCkYobTbwnkuRD4wqH0YkwBs7oKYcdY6DZGsndswWf.'
84f36e64-fd5a-4449-bc58-8917cff0d917;Johnny;Sims;alexanderdavis@example.org;+76672399298;245 Melanie Falls North Kathryn, ID 48266;b'$2b$12$Z30Ihzs9zhKCkYobTbwnkuRD4wqH0YkwBs7oKYcdY6DZGsndswWf.'
0cc1421d-6e31-4aa1-b22c-2d283342232b;Holly;Chavez;levycurtis@example.org;+73734989981;77280 Stewart Square Apt. 770 Markberg, DC 01435;b'$2b$12$Z30Ihzs9zhKCkYobTbwnkuRD4wqH0YkwBs7oKYcdY6DZGsndswWf.'
2236a863-21f4-4548-ba08-a2bb5d1890c6;Brooke;Holloway;wmay@example.org;+77366441396;58091 John Wells West Jessicafort, VT 46347;b'$2b$12$Z30Ihzs9zhKCkYobTbwnkuRD4wqH0YkwBs7oKYcdY6DZGsndswWf.'
6fd33da7-be89-4939-99d6-5ae9b6b5709a;Eric;Garrett;margaretrivers@example.org;+73350791328;5935 Lawrence Glens Suite 783 Port Kevinberg, IA 71150;b'$2b$12$Z30Ihzs9zhKCkYobTbwnkuRD4wqH0YkwBs7oKYcdY6DZGsndswWf.'
c9944c70-9684-4ed8-9999-d2c3bd2e4f41;Erik;Austin;cmichael@example.net;+71075523518;879 Martin Hill North Matthewville, MS 93682;b'$2b$12$Z30Ihzs9zhKCkYobTbwnkuRD4wqH0YkwBs7oKYcdY6DZGsndswWf.'
e358d88b-0719-421b-8acb-88d36dd874e4;Ashley;Espinoza;brandon63@example.net;+74453484398;230 Santana Shore South Teresa, NE 74528;b'$2b$12$Z30Ihzs9zhKCkYobTbwnkuRD4wqH0YkwBs7oKYcdY6DZGsndswWf.'
e41a1335-1d97-4b9c-87b2-e892be1dca64;Stacey;Roberts;joshuawilson@example.org;+70389375787;17659 Stephenson Port South Rachaelfurt, MO 66806;b'$2b$12$Z30Ihzs9zhKCkYobTbwnkuRD4wqH0YkwBs7oKYcdY6DZGsndswWf.'
ef7beef8-2b97-4db8-9423-eae6aac96334;Daniel;Potter;daniel79@example.net;+70382279976;38450 Vanessa Highway Suite 687 Christopherville, PA 90597;b'$2b$12$Z30Ihzs9zhKCkYobTbwnkuRD4wqH0YkwBs7oKYcdY6DZGsndswWf.'
3a0a775a-7816-45cc-beee-dfbed7b95a5a;Gina;Ponce;oward@example.net;+73474452367;0207 Garcia Haven Port Brendachester, IN 30084;b'$2b$12$Z30Ihzs9zhKCkYobTbwnkuRD4wqH0YkwBs7oKYcdY6DZGsndswWf.'
927f3cc9-2c92-4864-8e77-d0001fcbad70;Sherry;Hampton;joshua53@example.org;+78863546742;53450 Yvette Ramp Suite 535 Williamsport, DC 68507;b'$2b$12$Z30Ihzs9zhKCkYobTbwnkuRD4wqH0YkwBs7oKYcdY6DZGsndswWf.'
e719731d-f9e1-43d6-b89d-57e6bee9879a;Timothy;Lee;lindalynch@example.com;+73058287532;550 Cross Drive Apt. 463 Moonview, HI 17229;b'$2b$12$Z30Ihzs9zhKCkYobTbwnkuRD4wqH0YkwBs7oKYcdY6DZGsndswWf.'
fd8fc5dd-c51d-4afd-8c25-b856e3df68d3;Marvin;Hines;jennifer23@example.com;+77264633604;666 Emma Lakes Port Christine, NM 92859;b'$2b$12$Z30Ihzs9zhKCkYobTbwnkuRD4wqH0YkwBs7oKYcdY6DZGsndswWf.'
5ca00648-843f-46e1-804f-5a37bb0207bb;James;Cordova;judyclarke@example.com;+71916596559;543 Butler Groves New Lisastad, TN 57410;b'$2b$12$Z30Ihzs9zhKCkYobTbwnkuRD4wqH0YkwBs7oKYcdY6DZGsndswWf.'
6975676c-16cf-40a0-b9a4-8758c33e0d91;Jay;Walsh;tarahumphrey@example.org;+77118960693;048 Choi Forge Brookeberg, LA 64473;b'$2b$12$Z30Ihzs9zhKCkYobTbwnkuRD4wqH0YkwBs7oKYcdY6DZGsndswWf.'
4c8df5e3-760c-4bfe-861c-eb97867f6ce5;Garrett;Fletcher;mary37@example.org;+74742567490;3412 Ronald Branch Angelbury, WY 36684;b'$2b$12$Z30Ihzs9zhKCkYobTbwnkuRD4wqH0YkwBs7oKYcdY6DZGsndswWf.'
b1350b97-e244-4bb1-aba9-410677510712;Danielle;Huber;robertsmary@example.net;+75609384939;7569 Krystal Path Apt. 556 Kelliland, MI 80707;b'$2b$12$Z30Ihzs9zhKCkYobTbwnkuRD4wqH0YkwBs7oKYcdY6DZGsndswWf.'
a72f6d4d-9762-4bba-a7a8-a4ffc2758982;Barbara;Stewart;charleshardin@example.net;+79485917124;49991 Hernandez Shoals Thomasville, AL 92059;b'$2b$12$Z30Ihzs9zhKCkYobTbwnkuRD4wqH0YkwBs7oKYcdY6DZGsndswWf.'
59d49b4c-da79-4658-ae23-5557d58d1713;Julie;Blackburn;davischeryl@example.net;+71232429825;9043 Alexandria Grove Toddborough, HI 58832;b'$2b$12$Z30Ihzs9zhKCkYobTbwnkuRD4wqH0YkwBs7oKYcdY6DZGsndswWf.'
b9830702-84d2-443d-bd5d-79e9e68b8ceb;Kimberly;Bryant;alexismontgomery@example.com;+74032484692;6906 Carter Stravenue New Jeremyborough, DE 97475;b'$2b$12$Z30Ihzs9zhKCkYobTbwnkuRD4wqH0YkwBs7oKYcdY6DZGsndswWf.'
4e1b4fa4-0ecb-4a0a-bc84-b28d2eb39bee;Grace;Reyes;chadkirby@example.org;+71886439880;478 Phillip Pass Hughesport, CA 72349;b'$2b$12$Z30Ihzs9zhKCkYobTbwnkuRD4wqH0YkwBs7oKYcdY6DZGsndswWf.'
c9350dce-3466-48c6-af16-374f3904fabf;John;Lee;njames@example.org;+72488692867;257 Norma Club West Hector, KS 97573;b'$2b$12$Z30Ihzs9zhKCkYobTbwnkuRD4wqH0YkwBs7oKYcdY6DZGsndswWf.'
874ecf04-58ef-44e3-bad1-151577a517e4;Michelle;Salinas;vthomas@example.org;+78919412194;3112 Teresa Lodge Apt. 088 Lisaton, IA 77337;b'$2b$12$Z30Ihzs9zhKCkYobTbwnkuRD4wqH0YkwBs7oKYcdY6DZGsndswWf.'
0b5e9766-38f4-405f-8be0-01385e9c83fb;Susan;Jackson;hendersonshane@example.com;+71986146115;Unit 9705 Box 4691 DPO AP 71895;b'$2b$12$Z30Ihzs9zhKCkYobTbwnkuRD4wqH0YkwBs7oKYcdY6DZGsndswWf.'
1cc8c7d0-ed63-4114-a9a8-ab01577dd885;Desiree;Weber;ashelton@example.com;+76472945287;99550 Robertson Loop Suite 931 North Mark, PW 59109;b'$2b$12$Z30Ihzs9zhKCkYobTbwnkuRD4wqH0YkwBs7oKYcdY6DZGsndswWf.'
09928341-31cf-43a9-9fc0-d12471992b9b;Chad;Gordon;xgonzalez@example.org;+77448562466;412 Stanley Stravenue New John, VA 19283;b'$2b$12$Z30Ihzs9zhKCkYobTbwnkuRD4wqH0YkwBs7oKYcdY6DZGsndswWf.'
