id;name;surname;email;phone_number;address;password;role
f5bac87a-bf9b-420a-8955-6ed358857999;Nicole;Owens;brenda95@example.net;+73095150321;95670 Mcclure Bridge Suite 277 North Joseph, MO 35157;b'$2b$12$Orh9DaujFjUoI7hVd.pkD.Y8rYl9KZbTHBdTU7liArz4aVewMlbWK';2
ffd03595-8280-4e68-bb34-d2bcf8e7c5d4;Heather;Duncan;shanegray@example.com;+72563375032;7839 Kelly Causeway Suite 756 Smithbury, WA 17512;b'$2b$12$Orh9DaujFjUoI7hVd.pkD.Y8rYl9KZbTHBdTU7liArz4aVewMlbWK';2
c26dac59-98c9-4a67-9299-82560ace9f1c;William;Young;devinwright@example.net;+71400457555;8459 Debbie Lake Apt. 209 Rubiobury, PW 68686;b'$2b$12$Orh9DaujFjUoI7hVd.pkD.Y8rYl9KZbTHBdTU7liArz4aVewMlbWK';2
f22652c7-b6da-41c0-beea-cefb22009c9b;Richard;Cole;justinparker@example.com;+75556560916;8092 Rhonda Ramp Taylorview, IA 49332;b'$2b$12$Orh9DaujFjUoI7hVd.pkD.Y8rYl9KZbTHBdTU7liArz4aVewMlbWK';2
a2c970fa-02d7-4276-83ec-131bdbfdec23;Dustin;Cruz;matthew42@example.net;+70038507586;533 Natalie Fort South Dylanchester, PR 16347;b'$2b$12$Orh9DaujFjUoI7hVd.pkD.Y8rYl9KZbTHBdTU7liArz4aVewMlbWK';2
12dc706e-f7ca-4f55-99e0-a8d451f22c9e;Daryl;Durham;hbell@example.org;+76365477535;7234 Lisa Mill Suite 988 Paulton, FM 83712;b'$2b$12$Orh9DaujFjUoI7hVd.pkD.Y8rYl9KZbTHBdTU7liArz4aVewMlbWK';2
19294bb7-013a-4078-a7e3-5fa28ee39542;Ashley;Miller;nicholas72@example.net;+78263820426;98934 Delgado Mission Juanbury, KY 45937;b'$2b$12$Orh9DaujFjUoI7hVd.pkD.Y8rYl9KZbTHBdTU7liArz4aVewMlbWK';2
fb4ac372-8d99-4539-97dd-c146487d0332;Michaela;Haney;velasquezsara@example.org;+73557844191;5037 Alvarez Shoal Apt. 038 Mitchellburgh, TX 63834;b'$2b$12$Orh9DaujFjUoI7hVd.pkD.Y8rYl9KZbTHBdTU7liArz4aVewMlbWK';2
cff2763c-7b76-44ee-b8c0-249f77d351f4;Donna;Ford;gmiller@example.org;+70754749149;318 Christina Crest Angelamouth, NJ 49292;b'$2b$12$Orh9DaujFjUoI7hVd.pkD.Y8rYl9KZbTHBdTU7liArz4aVewMlbWK';2
e67f4ab4-7a69-4596-96b0-c6c04e7047bf;Matthew;Glenn;ngraham@example.com;+78499196518;210 Amanda Grove Apt. 880 Ginafort, OR 07435;b'$2b$12$Orh9DaujFjUoI7hVd.pkD.Y8rYl9KZbTHBdTU7liArz4aVewMlbWK';2
5c1fd0c2-2550-41b5-927f-9ccfdd27951f;Christopher;Williams;kellerdanielle@example.com;+72559381811;0448 Tina Glens Brandonside, FM 31600;b'$2b$12$Orh9DaujFjUoI7hVd.pkD.Y8rYl9KZbTHBdTU7liArz4aVewMlbWK';2
aa6c536d-eaa2-44d9-a099-6bf981bf6f7f;Tanner;Mullen;anna25@example.net;+79481717806;4764 Hill Well Suite 396 Hilltown, WY 05078;b'$2b$12$Orh9DaujFjUoI7hVd.pkD.Y8rYl9KZbTHBdTU7liArz4aVewMlbWK';2
82f679b9-216a-4775-b46c-2feddb3af338;Tara;Murphy;ulopez@example.com;+75092948317;91374 Erickson Knoll Suite 470 Port Anne, MA 69343;b'$2b$12$Orh9DaujFjUoI7hVd.pkD.Y8rYl9KZbTHBdTU7liArz4aVewMlbWK';2
c387cb28-3242-468f-a0b2-d170ac5c6ef7;Tiffany;Jones;abbotttyler@example.com;+74442573044;98319 Jones Forge Apt. 669 North John, VA 05739;b'$2b$12$Orh9DaujFjUoI7hVd.pkD.Y8rYl9KZbTHBdTU7liArz4aVewMlbWK';2
367d0c19-4d56-4a4c-8752-577c534bf6d5;Lucas;Keller;lhaynes@example.org;+77891749724;PSC 0690, Box 8136 APO AA 89025;b'$2b$12$Orh9DaujFjUoI7hVd.pkD.Y8rYl9KZbTHBdTU7liArz4aVewMlbWK';2
f2b22e41-cc33-4377-88c7-cde1d28417a9;Tara;Jimenez;james63@example.com;+79399406839;6738 Kenneth Hollow Lake Lacey, FL 06914;b'$2b$12$Orh9DaujFjUoI7hVd.pkD.Y8rYl9KZbTHBdTU7liArz4aVewMlbWK';2
92bacc26-e99d-440c-b53b-9fcd1f284b88;Kimberly;Parker;stacymorris@example.com;+73711748749;24396 Fuentes Row Apt. 099 Nelsonhaven, WA 41984;b'$2b$12$Orh9DaujFjUoI7hVd.pkD.Y8rYl9KZbTHBdTU7liArz4aVewMlbWK';2
cd2b0229-f622-4e84-b1c8-4c28248e9853;Mark;Underwood;williamolson@example.org;+78666233565;2220 Drake Ranch Lake Adrian, ME 26816;b'$2b$12$Orh9DaujFjUoI7hVd.pkD.Y8rYl9KZbTHBdTU7liArz4aVewMlbWK';2
af33fa5f-f67c-44ca-827b-5db51a33bd8b;Natalie;Hartman;reyeserin@example.org;+79872018808;121 Garcia Shoals Apt. 046 South Jeremyview, TX 10121;b'$2b$12$Orh9DaujFjUoI7hVd.pkD.Y8rYl9KZbTHBdTU7liArz4aVewMlbWK';2
3e1d651b-205b-4dd0-b52f-a7b3142d0f37;Donald;Mcdonald;daylaura@example.net;+79800095451;USNV Booth FPO AP 62033;b'$2b$12$Orh9DaujFjUoI7hVd.pkD.Y8rYl9KZbTHBdTU7liArz4aVewMlbWK';2
c41dee02-414f-4f4f-be42-bc581a24c88e;Joseph;Jacobson;uwaters@example.net;+78579818699;24047 Sonia Ville Kristinland, OH 97517;b'$2b$12$Orh9DaujFjUoI7hVd.pkD.Y8rYl9KZbTHBdTU7liArz4aVewMlbWK';2
4ded1595-0c57-47ba-99d5-1f23568e548f;Daniel;Chen;kevingonzalez@example.net;+77280741365;6469 William Street Reyesstad, FM 95289;b'$2b$12$Orh9DaujFjUoI7hVd.pkD.Y8rYl9KZbTHBdTU7liArz4aVewMlbWK';2
20dcc865-5df0-4f70-8426-382d2591b7db;Russell;Martinez;kmiller@example.org;+71246556642;7805 Alex Forest Pughburgh, GU 45614;b'$2b$12$Orh9DaujFjUoI7hVd.pkD.Y8rYl9KZbTHBdTU7liArz4aVewMlbWK';2
aaa17e3d-8337-44f7-8cbd-f0255e0b471d;Barbara;Jennings;bdunn@example.com;+72088517093;6809 Tiffany Village Apt. 422 Angelicastad, DC 81340;b'$2b$12$Orh9DaujFjUoI7hVd.pkD.Y8rYl9KZbTHBdTU7liArz4aVewMlbWK';2
7518ea01-94e7-4acd-a2bd-684da73885c2;Jeff;Smith;paultaylor@example.net;+77023620652;8205 Bonnie Bridge Apt. 891 West Sabrina, ME 51974;b'$2b$12$Orh9DaujFjUoI7hVd.pkD.Y8rYl9KZbTHBdTU7liArz4aVewMlbWK';2
b4b752ff-eab7-4beb-b018-e15c08f3f12d;Travis;Taylor;tlang@example.com;+73809372460;Unit 3366 Box 7044 DPO AP 22741;b'$2b$12$Orh9DaujFjUoI7hVd.pkD.Y8rYl9KZbTHBdTU7liArz4aVewMlbWK';2
b30b6fa4-114d-4945-8416-fb4176ce15ca;Steven;Morris;austin50@example.net;+76257722525;347 Mary Spur Suite 198 Huntermouth, MS 92173;b'$2b$12$Orh9DaujFjUoI7hVd.pkD.Y8rYl9KZbTHBdTU7liArz4aVewMlbWK';2
534a013d-95d4-4535-80c7-08e089df766e;Michele;Lee;brianna44@example.net;+76391576185;18784 Kelly Divide Lake Gerald, ID 52384;b'$2b$12$Orh9DaujFjUoI7hVd.pkD.Y8rYl9KZbTHBdTU7liArz4aVewMlbWK';2
37162d67-204b-44f5-995e-a0103c4409f2;Randy;Martin;anthonypowell@example.com;+71525319536;137 Scott Causeway Apt. 422 South Jerrychester, UT 37966;b'$2b$12$Orh9DaujFjUoI7hVd.pkD.Y8rYl9KZbTHBdTU7liArz4aVewMlbWK';2
eb2bcf3b-93a3-422a-b90c-6592eabcb4b4;Vincent;Patton;loganmorgan@example.org;+72596123306;16636 Jonathan Heights Apt. 728 East Carl, OK 34845;b'$2b$12$Orh9DaujFjUoI7hVd.pkD.Y8rYl9KZbTHBdTU7liArz4aVewMlbWK';2
b13eb097-49e2-4094-87aa-2e7e3f849a9a;Deanna;Hardy;sandraenglish@example.com;+73965603815;5274 Lopez Cliffs Suite 661 West Amanda, CT 95775;b'$2b$12$Orh9DaujFjUoI7hVd.pkD.Y8rYl9KZbTHBdTU7liArz4aVewMlbWK';2
c4e80b7d-9415-4faa-a7c1-22036421ad0e;Caleb;Flores;jacobjohnson@example.net;+79309104061;2669 Smith Station South Dustinville, TN 47074;b'$2b$12$Orh9DaujFjUoI7hVd.pkD.Y8rYl9KZbTHBdTU7liArz4aVewMlbWK';2
ef5fb893-8e7c-492f-9b6f-74f8e73c9016;Emily;Petty;curtismarcus@example.net;+79968563573;682 Crosby Island East Rachelbury, IL 23697;b'$2b$12$Orh9DaujFjUoI7hVd.pkD.Y8rYl9KZbTHBdTU7liArz4aVewMlbWK';2
7c59144a-6e5b-4ba7-ad56-e8a60d63bcd4;Joseph;Duncan;andrea39@example.org;+78150674842;637 Joshua Square Suite 643 Fletchermouth, IN 18711;b'$2b$12$Orh9DaujFjUoI7hVd.pkD.Y8rYl9KZbTHBdTU7liArz4aVewMlbWK';2
ac74fae4-d19f-494c-9698-680efd4b6eb0;Heidi;Rodgers;kennethmack@example.com;+73363059290;9933 Anita Oval Suite 852 Hernandezmouth, AR 53259;b'$2b$12$Orh9DaujFjUoI7hVd.pkD.Y8rYl9KZbTHBdTU7liArz4aVewMlbWK';2
ebea1966-3065-4362-8a06-5be8f1512402;Edward;Woods;russellchelsey@example.com;+70395724046;239 Lester Stravenue Apt. 721 Thompsonbury, OR 24104;b'$2b$12$Orh9DaujFjUoI7hVd.pkD.Y8rYl9KZbTHBdTU7liArz4aVewMlbWK';2
6b26ba82-a780-4106-915a-b995dfa70d53;Emily;Gilmore;ttownsend@example.org;+73171519712;695 Mueller Springs Vasquezberg, WY 93212;b'$2b$12$Orh9DaujFjUoI7hVd.pkD.Y8rYl9KZbTHBdTU7liArz4aVewMlbWK';2
1e23ba36-6e13-4ef2-88b3-c1f2c28ab601;Virginia;Gordon;hayesmichele@example.net;+71699146104;1884 Jimenez Radial Alexandriahaven, TX 92891;b'$2b$12$Orh9DaujFjUoI7hVd.pkD.Y8rYl9KZbTHBdTU7liArz4aVewMlbWK';2
7b96265f-5c9d-46bd-8ac4-eb841f36dc05;Tracy;Miller;nathanielquinn@example.com;+76733308665;457 Kyle Pines Apt. 442 Ashleyfort, SC 31778;b'$2b$12$Orh9DaujFjUoI7hVd.pkD.Y8rYl9KZbTHBdTU7liArz4aVewMlbWK';2
9445052f-7694-4c2c-89e0-cf2f0bd100ac;Kevin;Lewis;bowersjonathan@example.net;+71598505656;PSC 3149, Box 1079 APO AE 25573;b'$2b$12$Orh9DaujFjUoI7hVd.pkD.Y8rYl9KZbTHBdTU7liArz4aVewMlbWK';2
d6c89a47-0dd0-47fb-9d77-e007932f58ab;Pamela;Wilson;qedwards@example.org;+73757474992;Unit 7702 Box 3789 DPO AP 77970;b'$2b$12$Orh9DaujFjUoI7hVd.pkD.Y8rYl9KZbTHBdTU7liArz4aVewMlbWK';2
da42e844-4132-4c21-907f-8acf24827a03;Lauren;Hampton;joseph04@example.net;+77158230601;USS Harper FPO AA 59781;b'$2b$12$Orh9DaujFjUoI7hVd.pkD.Y8rYl9KZbTHBdTU7liArz4aVewMlbWK';2
85def8e2-f54b-49e5-854a-ddf83c174517;Peter;Hopkins;briangriffin@example.com;+76597196946;9166 Justin Inlet East Nicolemouth, RI 39066;b'$2b$12$Orh9DaujFjUoI7hVd.pkD.Y8rYl9KZbTHBdTU7liArz4aVewMlbWK';2
d5e48664-9766-4bce-8f08-f8acf407cfe2;Bradley;Kennedy;tamara17@example.com;+70908617487;7328 Roy Route Suite 886 Youngchester, VT 85185;b'$2b$12$Orh9DaujFjUoI7hVd.pkD.Y8rYl9KZbTHBdTU7liArz4aVewMlbWK';2
9670bbf5-5e1b-45ec-9914-3d796e472a69;William;Whitaker;jerry30@example.net;+72050943498;PSC 5490, Box 3169 APO AP 67739;b'$2b$12$Orh9DaujFjUoI7hVd.pkD.Y8rYl9KZbTHBdTU7liArz4aVewMlbWK';2
ec146822-a554-4a2c-a1e3-7705f76d5da0;Rebecca;Kennedy;scottpadilla@example.net;+71511285569;415 Kimberly Ford East Audreytown, MO 12390;b'$2b$12$Orh9DaujFjUoI7hVd.pkD.Y8rYl9KZbTHBdTU7liArz4aVewMlbWK';2
e94fc705-2956-4056-9731-d990fbf6ef91;Alison;Clark;mariarichardson@example.com;+78000415560;9746 Annette Lock Suite 466 West Michael, WA 47507;b'$2b$12$Orh9DaujFjUoI7hVd.pkD.Y8rYl9KZbTHBdTU7liArz4aVewMlbWK';2
025463e5-f8de-44a0-bbf5-40c6dba44757;Todd;Fleming;patrickgoodman@example.com;+76996756358;9389 Williams Spring Robertsview, ME 47529;b'$2b$12$Orh9DaujFjUoI7hVd.pkD.Y8rYl9KZbTHBdTU7liArz4aVewMlbWK';2
09daf605-7c3b-4364-9575-6ed718b05a2d;Caroline;Nelson;mark95@example.com;+77937592127;45269 Joseph Flats Adamtown, NV 26708;b'$2b$12$Orh9DaujFjUoI7hVd.pkD.Y8rYl9KZbTHBdTU7liArz4aVewMlbWK';2
aad12409-e9e3-4007-896e-a501e02822cc;Megan;Buchanan;terrydavid@example.com;+71122082411;519 Morales Fort Davidborough, OK 47110;b'$2b$12$Orh9DaujFjUoI7hVd.pkD.Y8rYl9KZbTHBdTU7liArz4aVewMlbWK';2
9f364a5b-4c88-431f-8d3b-a48efa031ed0;Michael;Lopez;bward@example.org;+76418858735;Unit 7985 Box 2024 DPO AP 60749;b'$2b$12$Orh9DaujFjUoI7hVd.pkD.Y8rYl9KZbTHBdTU7liArz4aVewMlbWK';2
a2211c9a-d12d-4a58-840e-ad16a4b28454;Donald;Henderson;justinmayer@example.net;+76268085533;2297 Brian Lights Ericland, GU 29288;b'$2b$12$Orh9DaujFjUoI7hVd.pkD.Y8rYl9KZbTHBdTU7liArz4aVewMlbWK';2
23e6c754-c994-4f7f-89bc-3047fbe7f65e;Christopher;Anderson;josephcollins@example.net;+76041504593;444 Nelson Spring Josephburgh, FM 72160;b'$2b$12$Orh9DaujFjUoI7hVd.pkD.Y8rYl9KZbTHBdTU7liArz4aVewMlbWK';2
b8820d10-84ce-478b-a0cc-a02505e1f7ad;Susan;Alexander;hcooper@example.net;+78453724212;92552 Joseph Estates Apt. 707 Zacharyberg, VT 40998;b'$2b$12$Orh9DaujFjUoI7hVd.pkD.Y8rYl9KZbTHBdTU7liArz4aVewMlbWK';2
f6c9c605-3d85-4081-a9e8-30a71fbaf422;Jose;Garcia;brian28@example.net;+75402591900;97818 Abigail Circles Apt. 388 Thompsonton, MD 47730;b'$2b$12$Orh9DaujFjUoI7hVd.pkD.Y8rYl9KZbTHBdTU7liArz4aVewMlbWK';2
5c03ba44-9676-4380-a202-a0d912136675;Erica;Wright;anthony02@example.org;+74967335946;71725 Paula Trafficway New Cindy, CT 42190;b'$2b$12$Orh9DaujFjUoI7hVd.pkD.Y8rYl9KZbTHBdTU7liArz4aVewMlbWK';2
78352101-3e16-4494-b822-cad3d39319d4;Ashley;Thomas;brandivalentine@example.org;+74806908646;PSC 4915, Box 4873 APO AP 56713;b'$2b$12$Orh9DaujFjUoI7hVd.pkD.Y8rYl9KZbTHBdTU7liArz4aVewMlbWK';2
03477df7-d20f-4b08-97b5-2419f6d8ba16;Megan;Huffman;vthornton@example.org;+79494330222;29030 Lopez Cliff Traceychester, MO 40067;b'$2b$12$Orh9DaujFjUoI7hVd.pkD.Y8rYl9KZbTHBdTU7liArz4aVewMlbWK';2
d0c81c7f-407e-4963-8c56-a92c30e952fe;Mariah;Rogers;jessicastanley@example.com;+74675316994;5323 Carrie Fall South John, IN 66649;b'$2b$12$Orh9DaujFjUoI7hVd.pkD.Y8rYl9KZbTHBdTU7liArz4aVewMlbWK';2
26962576-60de-489f-8975-d17e9dcfe285;Timothy;Vance;ulane@example.com;+73491784995;862 Kathleen Streets Morrisland, AL 30060;b'$2b$12$Orh9DaujFjUoI7hVd.pkD.Y8rYl9KZbTHBdTU7liArz4aVewMlbWK';2
f5f96116-9b75-4c01-8c62-58ae396d8af6;Brenda;Chambers;kayla81@example.com;+72522740577;344 Heather Parkways Apt. 185 New Randyshire, NV 36557;b'$2b$12$Orh9DaujFjUoI7hVd.pkD.Y8rYl9KZbTHBdTU7liArz4aVewMlbWK';2
cc12da65-7bd0-47c7-a3bd-d7e52ed18f2d;Laura;Chavez;cristian58@example.com;+76649361538;5894 Nicholas Crossroad Suite 648 West Crystal, GU 80308;b'$2b$12$Orh9DaujFjUoI7hVd.pkD.Y8rYl9KZbTHBdTU7liArz4aVewMlbWK';2
741e723a-25b3-4898-b98d-4f1da2b859ab;James;Gomez;justin41@example.net;+77808036175;0942 Roberts Mountain Apt. 415 Sierraburgh, IN 88843;b'$2b$12$Orh9DaujFjUoI7hVd.pkD.Y8rYl9KZbTHBdTU7liArz4aVewMlbWK';2
9056a310-51df-4de4-9101-523f813fb0b0;Hannah;Boyd;bethmccarthy@example.net;+75138612159;2429 Jason Lodge Port Sherryshire, WV 78447;b'$2b$12$Orh9DaujFjUoI7hVd.pkD.Y8rYl9KZbTHBdTU7liArz4aVewMlbWK';2
5e7fbb3d-f277-486b-85cf-bc456fd744a0;Mark;Taylor;lindalong@example.com;+72853349023;24698 Mitchell Ridge Port Kimberlychester, MT 56244;b'$2b$12$Orh9DaujFjUoI7hVd.pkD.Y8rYl9KZbTHBdTU7liArz4aVewMlbWK';2
c90f69b2-d48e-4c3a-9ddb-2863a3ce54d8;Sherry;Sullivan;smoore@example.com;+70572338234;PSC 6843, Box 2464 APO AE 29221;b'$2b$12$Orh9DaujFjUoI7hVd.pkD.Y8rYl9KZbTHBdTU7liArz4aVewMlbWK';2
a67048cf-7d63-4de8-a749-3197052e7723;Cassandra;Mclaughlin;lawsonmichelle@example.com;+70395124922;9458 Amber Forks Apt. 611 Lambertview, WA 34499;b'$2b$12$Orh9DaujFjUoI7hVd.pkD.Y8rYl9KZbTHBdTU7liArz4aVewMlbWK';2
46904b4e-7aff-4ad4-aa96-1238054b843e;Lori;Charles;andrewfranklin@example.org;+72875229140;072 Moses Dale Suite 934 North Kenneth, FM 45895;b'$2b$12$Orh9DaujFjUoI7hVd.pkD.Y8rYl9KZbTHBdTU7liArz4aVewMlbWK';2
fe604475-637e-4a22-b7fe-22d70f8cb635;Nathan;Rivera;pjackson@example.net;+74137211334;981 Munoz Village Villegasville, TX 94811;b'$2b$12$Orh9DaujFjUoI7hVd.pkD.Y8rYl9KZbTHBdTU7liArz4aVewMlbWK';2
45792e21-dd43-4bb9-9300-a91cb69b5fc9;William;Ford;ewilson@example.org;+71654007054;073 Chapman Isle Apt. 041 Randallton, WY 76802;b'$2b$12$Orh9DaujFjUoI7hVd.pkD.Y8rYl9KZbTHBdTU7liArz4aVewMlbWK';2
60cf3505-4452-4cc9-ac6b-1192875a2277;Ann;Gamble;ymedina@example.org;+75908537584;4233 Natasha Ways Apt. 181 East Rickyland, CO 31194;b'$2b$12$Orh9DaujFjUoI7hVd.pkD.Y8rYl9KZbTHBdTU7liArz4aVewMlbWK';2
cc1b191a-2513-4cbf-9915-4d456f722664;Keith;Wright;zbradley@example.org;+78767821363;2102 Hall Mount Suite 843 Rogersport, IA 11648;b'$2b$12$Orh9DaujFjUoI7hVd.pkD.Y8rYl9KZbTHBdTU7liArz4aVewMlbWK';2
1b577b7c-058a-4ac2-91a3-bc43ef3d58fc;John;Moore;fneal@example.org;+77464958272;1610 Gordon Landing North Michael, MH 35239;b'$2b$12$Orh9DaujFjUoI7hVd.pkD.Y8rYl9KZbTHBdTU7liArz4aVewMlbWK';2
b85b2dee-1c72-4d25-8831-d7d7f44cd98b;Mark;Evans;rhonda88@example.net;+77167067759;PSC 5606, Box 2126 APO AE 65027;b'$2b$12$Orh9DaujFjUoI7hVd.pkD.Y8rYl9KZbTHBdTU7liArz4aVewMlbWK';2
be9e1a8a-0a38-4284-8a7e-d6db4758cd16;Lee;Zimmerman;cbennett@example.org;+72723678139;7590 Scott Junctions South Elizabethhaven, MI 04036;b'$2b$12$Orh9DaujFjUoI7hVd.pkD.Y8rYl9KZbTHBdTU7liArz4aVewMlbWK';2
5a06e002-6b37-47b6-9b40-ac25cd8efa39;Jessica;Yates;wsmith@example.org;+77141432110;73775 Campbell Ports Suite 227 New Elizabeth, IN 39933;b'$2b$12$Orh9DaujFjUoI7hVd.pkD.Y8rYl9KZbTHBdTU7liArz4aVewMlbWK';2
b055642e-6f41-4c0a-bd1f-2357364a8e4e;Tricia;Carter;billymorris@example.net;+75548184832;9929 Dylan Field Michaelhaven, MI 09150;b'$2b$12$Orh9DaujFjUoI7hVd.pkD.Y8rYl9KZbTHBdTU7liArz4aVewMlbWK';2
50b8a08e-fd92-4e7a-97de-b38a18d17662;John;Pham;melissacabrera@example.com;+73826837905;6843 Freeman Viaduct Suite 132 Jeremyton, TX 84919;b'$2b$12$Orh9DaujFjUoI7hVd.pkD.Y8rYl9KZbTHBdTU7liArz4aVewMlbWK';2
7a28dd0c-2993-4ec0-9631-b79d17f9479e;Krystal;Jones;emmacarey@example.net;+75831425907;7316 Brian Summit Apt. 919 North Taylor, DC 84950;b'$2b$12$Orh9DaujFjUoI7hVd.pkD.Y8rYl9KZbTHBdTU7liArz4aVewMlbWK';2
c9d9faf0-f837-4703-9670-3321b78cb7ac;Courtney;Martin;mary06@example.net;+76180754695;64562 Nelson Harbor Suite 263 Port Christopherhaven, AL 60117;b'$2b$12$Orh9DaujFjUoI7hVd.pkD.Y8rYl9KZbTHBdTU7liArz4aVewMlbWK';2
b15b7697-8e9c-4020-8e47-69afaffe4086;Patrick;Peters;michaelbishop@example.org;+79307455659;PSC 1714, Box 4019 APO AP 22809;b'$2b$12$Orh9DaujFjUoI7hVd.pkD.Y8rYl9KZbTHBdTU7liArz4aVewMlbWK';2
85842ad3-5eae-4ebb-b82a-6bec45679ee7;Briana;Bridges;joshuabutler@example.net;+71457521485;02480 Jason Ville Lake Debraport, FM 56668;b'$2b$12$Orh9DaujFjUoI7hVd.pkD.Y8rYl9KZbTHBdTU7liArz4aVewMlbWK';2
8cb2e396-1ee1-453f-b92d-0848f46c204a;Breanna;Benton;ashley56@example.com;+74872119936;057 Garcia Via Suite 776 Vaughnberg, KY 92537;b'$2b$12$Orh9DaujFjUoI7hVd.pkD.Y8rYl9KZbTHBdTU7liArz4aVewMlbWK';2
72262842-62e4-48a3-a350-cdfd3bff9d8a;Shane;Wade;walshheather@example.com;+70364082608;825 Kim Meadow Port Lindahaven, KY 81286;b'$2b$12$Orh9DaujFjUoI7hVd.pkD.Y8rYl9KZbTHBdTU7liArz4aVewMlbWK';2
1903742c-3ea4-4898-a5cf-6750528fd19c;David;Ortega;liustacy@example.org;+78316348821;09439 Lewis Stream Suite 308 New Bradleytown, UT 20193;b'$2b$12$Orh9DaujFjUoI7hVd.pkD.Y8rYl9KZbTHBdTU7liArz4aVewMlbWK';2
9147adfd-d79e-4ea2-b875-8c5da9bac8e0;Ashley;White;dawnfletcher@example.net;+76738419954;08685 Baker Flat New Rachel, TX 92771;b'$2b$12$Orh9DaujFjUoI7hVd.pkD.Y8rYl9KZbTHBdTU7liArz4aVewMlbWK';2
f22770a9-52de-47c4-ace4-a3116c0b07e1;Michael;Murphy;susan90@example.org;+70351135399;2956 Mark Turnpike Markberg, VT 41293;b'$2b$12$Orh9DaujFjUoI7hVd.pkD.Y8rYl9KZbTHBdTU7liArz4aVewMlbWK';2
0ecb922e-a6c0-465b-b08a-4f31131a2668;Jose;White;kingthomas@example.org;+75924484355;0030 Cooper Burg Suite 399 Rogerfurt, IN 70916;b'$2b$12$Orh9DaujFjUoI7hVd.pkD.Y8rYl9KZbTHBdTU7liArz4aVewMlbWK';2
9e8b3376-7b87-4f2f-8bdd-5c2b7bcba996;Suzanne;Smith;anthonybrowning@example.com;+78540917446;260 Davis Estates Suite 591 West Baileyfurt, VI 54271;b'$2b$12$Orh9DaujFjUoI7hVd.pkD.Y8rYl9KZbTHBdTU7liArz4aVewMlbWK';2
35900a6a-be80-4c1d-ac6b-f2ca91da9527;Marisa;Cross;elijah82@example.net;+71772084534;32650 Sara Fields Vasquezview, VA 70793;b'$2b$12$Orh9DaujFjUoI7hVd.pkD.Y8rYl9KZbTHBdTU7liArz4aVewMlbWK';2
6ed310bc-0744-49e1-a910-4777e7f4ab73;Susan;Hill;meyerandrew@example.org;+74845944925;342 Jackie Key New Kathleenhaven, VT 15087;b'$2b$12$Orh9DaujFjUoI7hVd.pkD.Y8rYl9KZbTHBdTU7liArz4aVewMlbWK';2
27eb8959-f902-492f-b92d-dde6198cdcad;Ryan;Bass;eatonmarcus@example.org;+76999478547;203 Lindsey Heights North Lawrenceside, ME 19679;b'$2b$12$Orh9DaujFjUoI7hVd.pkD.Y8rYl9KZbTHBdTU7liArz4aVewMlbWK';2
23c01c00-2e11-4623-9e47-cd93212dad01;Richard;Sanchez;laurabeard@example.org;+71360886288;684 Rebecca Mission Bennettside, OR 92103;b'$2b$12$Orh9DaujFjUoI7hVd.pkD.Y8rYl9KZbTHBdTU7liArz4aVewMlbWK';2
e98454d6-810d-47a2-a9b5-881ea63fbd35;Andrew;Thomas;michaelwatts@example.org;+72954331883;7743 Thompson Mill Douglasfort, NE 31844;b'$2b$12$Orh9DaujFjUoI7hVd.pkD.Y8rYl9KZbTHBdTU7liArz4aVewMlbWK';2
13e25a1d-1df7-4695-a20d-088c165ead4c;Jonathan;Baker;jamesmorales@example.com;+75167789776;2058 Kimberly Glens South Michael, AL 39629;b'$2b$12$Orh9DaujFjUoI7hVd.pkD.Y8rYl9KZbTHBdTU7liArz4aVewMlbWK';2
81831e44-e21b-4afa-9e6c-e5dd7f2471d1;Heather;Anderson;olsentammy@example.org;+76939796197;19033 Cooper Brooks Apt. 277 Carlsonborough, FL 58563;b'$2b$12$Orh9DaujFjUoI7hVd.pkD.Y8rYl9KZbTHBdTU7liArz4aVewMlbWK';2
57d8a251-ce2f-4339-845b-52029cbaa00e;Jacob;Davis;toddmontoya@example.org;+79293270389;4557 Miller Dale Lake Kathrynport, PR 46537;b'$2b$12$Orh9DaujFjUoI7hVd.pkD.Y8rYl9KZbTHBdTU7liArz4aVewMlbWK';2
a09c23ea-fd36-49de-ab87-b18662b9870b;Thomas;Thompson;diazjustin@example.com;+70143203343;373 Fuentes Port Suite 136 Patrickland, AL 54334;b'$2b$12$Orh9DaujFjUoI7hVd.pkD.Y8rYl9KZbTHBdTU7liArz4aVewMlbWK';2
67e77643-215a-4f51-bbc7-7d2fad680f70;Jason;Young;iansimmons@example.org;+77507641367;PSC 5821, Box 3571 APO AA 26396;b'$2b$12$Orh9DaujFjUoI7hVd.pkD.Y8rYl9KZbTHBdTU7liArz4aVewMlbWK';2
156dea4d-7807-428d-8bde-bd27e67c92fe;Sharon;Thompson;davidgonzalez@example.org;+75755067526;303 Robert Loop North Dominiquemouth, AZ 84149;b'$2b$12$Orh9DaujFjUoI7hVd.pkD.Y8rYl9KZbTHBdTU7liArz4aVewMlbWK';2
